user_name,quote_text,created_at,quote_url
"狼哥搞钱笔记","如果你想用AI快速摸透一个新领域，强烈建议看下 @longdechen12 这篇保姆级分享

全程高能，跟着做就行，干！

https://t.co/cYMO2QBeTo","Wed Mar 25 15:44:39 +0000 2026","https://x.com/WolfMoneyNotes/status/2036831636961255894"
"草莽码农 | gpt88.cc 中转站（AI）","00后天才的 3 小时学习法：如何用 AI 降维打击，摸透一个陌生领域？ https://t.co/9Fy8I2Csbr","Thu Mar 26 03:00:50 +0000 2026","https://x.com/webstarchina/status/2037001803381059909"
"Sam崔","非常干货的一个工作流，不过安装依赖 mcp 和 skill 的时候感觉还是比较麻烦。弄了个 skill 可以自动装文章里提到的所有依赖并且引导登录 Google 账号；后面的提问部分也可以用一个命令运行，这样就只需要手动收集信息和安装 Chrome 插件了
https://t.co/1JHc7lhd21","Thu Mar 26 06:11:13 +0000 2026","https://x.com/SamBCui/status/2037049714995323116"
"BrotherSuperman","https://t.co/rp5pSCzdZN","Thu Mar 26 07:36:29 +0000 2026","https://x.com/Alphabeta66/status/2037071175294030177"
"john wang","https://t.co/FjpDl670pN","Thu Mar 26 08:51:57 +0000 2026","https://x.com/Pipyala/status/2037090164204577139"
"shuangqing liu","https://t.co/uS2vIvT2Nh","Thu Mar 26 10:14:45 +0000 2026","https://x.com/Shuangqing36990/status/2037111001754333277"
"Jackywine","https://t.co/4DlFPK5UEn","Thu Mar 26 13:01:25 +0000 2026","https://x.com/Jackywine/status/2037152946174165280"
"david van","https://t.co/Rs9d9NnonF","Thu Mar 26 13:08:11 +0000 2026","https://x.com/david321van/status/2037154649695019089"
"观自","近百人在线，我这算出圈了吗？ https://t.co/GX5zGVEpCH","Thu Mar 26 14:56:15 +0000 2026","https://x.com/longdechen12/status/2037181844136091830"
"Stevensun","实在是太干了，不转都对不起自己了","Thu Mar 26 22:52:34 +0000 2026","https://x.com/Stevensun520417/status/2037301713661747373"
"wheel-spinner","现在才真正是知识爆炸的时代","Fri Mar 27 00:14:16 +0000 2026","https://x.com/spinner_wheel/status/2037322272634204242"
"小苏 | AI出海","思路：
整理领域相关文档，转md
Md文档放入notebooklm
让AI来提问notebooklm，返回的问答保存
人负责审阅问答内容，理解后，输出自己的xmind思路。

用到的工具：
油管视频文稿提取工具
NotebookLM","Fri Mar 27 00:14:36 +0000 2026","https://x.com/swg209/status/2037322359083036954"
"FAN","深度好文，自愧不如","Fri Mar 27 00:43:53 +0000 2026","https://x.com/sss_crypto/status/2037329727808307408"
"herryheng","Mark","Fri Mar 27 01:19:56 +0000 2026","https://x.com/herryhengAI/status/2037338799542509607"
"MR.JC区块博士 🔶 BNB ｜LevelUpLabs","感谢作者分享这么切实有效的工作内容，同样也打破了一个惯有思维，就像之前听过manus 的Peak在接受张小珺采访的时候，提到过一个问题，千万不要让AI去碰你的原始数据处理。

同样，对于一个内容创作者来说，信息源的整理也是非常关键的（这就是我们的原始数据）。我们看到很多很优质的文章，现在习惯性的现在会把它链接直接扔给龙虾，让龙虾去通过各种skills去分析。但是这样子会有一个问题，就是我们并不知道它通过skills 拿到的原材料的质量是什么样的（哪怕可以去找到并且留痕其实也不一定会这么做）。

如果说从一开始源头上就出了问题。那后续所有的处理都会变成灾难。这篇文章有一个非常重要的思路，就是在一开始原材料的部分，通过Web2的Chrome插件，这种已经被验证过很多次的方式，来保证信息源的有效性和高质量，这一点非常值得学习。而且使用obsidian 来做素材管理和内容库的整理也非常高效。","Fri Mar 27 01:26:06 +0000 2026","https://x.com/blockphd7/status/2037340350713635105"
"ctomservice","我也去实践下，年轻人就是脑子活","Fri Mar 27 02:04:05 +0000 2026","https://x.com/ctomservice/status/2037349910261928385"
"野生毛利","学习了，确实蛮不错","Fri Mar 27 02:45:43 +0000 2026","https://x.com/iMax0729/status/2037360387440750915"
"zqi_6561","实践","Fri Mar 27 03:14:53 +0000 2026","https://x.com/zqi6561/status/2037367729557225925"
"范识","作为一个 00 后，能有这样的执行能力和认知，确实厉害。其中有两个点我觉得很有启发，再引申一下：

1. 关于知识的积累和消化
从知识到认知的路径，其实有不同的阶段。

(a) 第一个阶段是 Unknown Unknown（你不知道你不知道什么）
在这个阶段，最重要的是点亮并打开知识地图。文章中提到的方法，无论是把 Notebook LM 作为知识库，汇总所有信息源，还是利用 AI 进行批量、高效的提问，都是在为一个新领域建立全面、系统的了解。这在初始阶段是非常高效的。

(b) 第二个阶段是从 Unknown Unknown 到 Known Unknown（你知道你不知道什么）
在这个阶段，最重要的不再是打开地图，而是思考的深度、角度和锐度，在这个阶段最重要的是-触动，与现有认知系统的化学反应。

在认知领域，有效学习通常是一个 碎片化->触动->思考->系统化/结构化 的链路，对一个领域的认知和经验往往最初以碎片化的方式开始，某些信息或经验给你的认知系统带来波动（矛盾、好奇、兴奋等），你再以这个为契机不断深化认知。在点亮知识地图之后，通过认知系统的触动去浏览、探测和筛选信息会更高效，因为认知系统已经过领域的校准，具备了一定的实践基础和路径，不再是空白的初始认知。

需要明确的是，知识不等于认知。将知识结构化、系统化，并不等同于认知也自动升级了。他人的方法论和理论，最终还需要自己的认知系统消化吸收。认知的迭代往往是路径依赖的改变，而非单纯的知识积累。

当然，这不是否认 AI 的提效，AI 在这个阶段依然是非常重要的辅助，帮助你进行认知深化。

2. 关于表达的进化
这其实是 AI 工具进化到一定程度后，在内容创作领域引发的变革：前期靠 AI 辅助积累沉淀，后期靠 AI 辅助表达。

(a) 有“活人味”的表达
文章中提到的方法非常重要：研究之后先画思维导图，再根据导图进行讲解，就像和人沟通、备课或讲课一样。这种表达方式生成的逐字稿非常有价值。目前像文中提到的各种工具以及 Typeless 等都是在辅助这个过程。

(b) 内容生产的提效
通过这种方式再结合 AI 工具，最终形成 PPT 等具体的表现形式。这个过程在两个层面完成了转化：
- 认知层面：完成了从别人的方法论、框架到自己理解的转化，内核已经发生了改变。
- 表达层面：服从于自己的表达框架和习惯。这是去除“AI 味”、形成个人表达风格的关键。

此外，Dan Koe 大神在最近的视频里，系统分享了他的内容创作方法，里面包含完整的工作流和方法论，可以和这篇文章结合来看，相互补充。","Fri Mar 27 05:53:17 +0000 2026","https://x.com/fansightx/status/2037407590943256582"
"笨猴","如何构建自己的知识库，并用ai来帮助消化，最后内化成自己的语言。各个步骤都很清晰易懂，能按着文章一步一步来。https://t.co/8yl7rWK1PU","Fri Mar 27 08:21:44 +0000 2026","https://x.com/StupMonke/status/2037444948287770821"
"Kyran","一个00后利用AI快速学习一个领域的方法，优秀。","Fri Mar 27 08:44:58 +0000 2026","https://x.com/Kyran6699/status/2037450796087075013"
"Liam.Y","喂料-消化-表达","Fri Mar 27 08:45:36 +0000 2026","https://x.com/LiamYang3124/status/2037450956234002796"
"Dax","我的建议是 试一下 youmind 玉伯@lifesinger","Fri Mar 27 10:49:57 +0000 2026","https://x.com/guoyuan6/status/2037482250087112725"
"观自","在做推特前，我还在担心，

没有成百上千个选题的话，怎么持续？

可正是发文后，我压根不担心，

因为评论区都是他妈选题。

就连别人喷我，

比如说我的性格与 infp 不符，

我其实也能用 AI 周易给你讲出来个道道。","Fri Mar 27 11:08:04 +0000 2026","https://x.com/longdechen12/status/2037486807689069016"
"黄小木","学到了get笔记提取视频信息，现学现用🤗","Fri Mar 27 14:39:58 +0000 2026","https://x.com/ai_xiaomu/status/2037540136729432494"
"金尘马","想要赚钱的方法，就是直接去赚！

不要寻找中间的替代品，比如：我要先做好内容；我要先涨粉；我要先学习……","Fri Mar 27 14:40:30 +0000 2026","https://x.com/jinchenma_ai/status/2037540267570688337"
"Hoody","以后的领域知识就不再会是绝对的护城河，
只要你能利用好ai工具，
就能快速打破知识的壁垒。","Fri Mar 27 14:42:06 +0000 2026","https://x.com/HoodyLiu/status/2037540670135816488"
"达芬七","怎么能省钱又喂agent足够资料？
3个小时成为专家👇🏻","Fri Mar 27 14:43:07 +0000 2026","https://x.com/SuisPasDaVinci/status/2037540929561567432"
"爱搞钱的Luffy","纯纯大干货，我这ai傻子都能看懂。","Fri Mar 27 14:44:00 +0000 2026","https://x.com/LuFei6996/status/2037541150580727809"
"安奇漫","太佩服这位00后双非大佬了，不是靠天赋，是靠一套可复制的AI工作流硬生生打出来的。

别人还在单聊AI、问东问西，他已经把信息收集、整理、提问、沉淀、输出做成了全自动流水线。

不会提问→让AI帮你提；怕幻觉→用NotebookLM严格锚定原文；知识留不住→全部本地存档；输出生硬→用AI做研究，用人做表达。

整套逻辑太通透了：用AI解决执行，用人掌控框架。

很多人不是没机会，是连一套稳定的做事流程都没有。

这才是普通人在AI时代真正的逆袭路径：不拼学历，拼系统，拼执行力。","Fri Mar 27 14:46:20 +0000 2026","https://x.com/ando_w/status/2037541736109711532"
"Buzzdo","最強00後、了解一下、內容絕對硬核","Fri Mar 27 14:57:00 +0000 2026","https://x.com/LucasJLiao/status/2037544420468576630"
"动物园园长","我写一篇文章：3天3夜
大佬摸透一个领域：3小时","Fri Mar 27 15:01:22 +0000 2026","https://x.com/weiyux2021/status/2037545518377971729"
"alpacaxy","收藏学习","Fri Mar 27 16:19:27 +0000 2026","https://x.com/alpacaxy/status/2037565170764206148"
"智元饲养员","学起来了，good skills！","Fri Mar 27 16:23:57 +0000 2026","https://x.com/zoomad99/status/2037566302798393373"
"HHtsang","学习","Fri Mar 27 16:25:32 +0000 2026","https://x.com/HHtsang23/status/2037566702142312463"
"Luna","学习","Fri Mar 27 17:33:09 +0000 2026","https://x.com/LunaAI519/status/2037583719746400662"
"Stanley","都知道00后很优秀，没想到这么优秀，

我正在重点培养一批牛人00后，

观自就是其中之一，

欢迎围观！","Fri Mar 27 17:34:42 +0000 2026","https://x.com/Stanleysobest/status/2037584107811770397"
"Roland.W","我见过很多优秀的00后
但是只有观自
是这么多优秀的00后里面
最谦虚，最好学的
如果你问谁是大佬幼年体
呐，给你指出来了，别说我没提醒...","Fri Mar 27 17:37:15 +0000 2026","https://x.com/rwayne/status/2037584751465578954"
"koffuxu","这也是我一直在找的东西，claude code或者openclaw如何连接notebooklm：
“
首先给 Claude Code 接上 NotebookLM 知识库。直接复制这个链接发给你的 Claude Code，让它帮你安装，按步骤完成认证登录即可。
https://t.co/ck8eKZ4T5U
”
这就有答案了，那么我的文档转成高质量视频就有可行都方案了。我爷分享一下，给有需要的人。","Fri Mar 27 18:40:20 +0000 2026","https://x.com/koffuxu/status/2037600623781368111"
"c.g.w（互关交流）","学习能力是真优秀","Fri Mar 27 23:12:40 +0000 2026","https://x.com/SurfingAI_chen/status/2037669161800003600"
"Jaden思考日志","https://t.co/XJapEmprmu

这就是那种我觉得非常可怕的00后，学习能力简直恐怖","Sat Mar 28 00:00:38 +0000 2026","https://x.com/Jaden_riku/status/2037681230645440568"
"安德鲁","后辈的学习方式","Sat Mar 28 02:32:09 +0000 2026","https://x.com/jay2000inchina/status/2037719362736738491"
"0xSheep 🐑","如何实现更高质量的学习？快试试这个，只需要几个插件就能更加快速的将素材导入notebooklm，在联合Claude进行提问，实现高质量学习","Sat Mar 28 02:40:44 +0000 2026","https://x.com/0xSheep_/status/2037721522106937762"
"taeu","https://t.co/JZbvWLDLJB","Sat Mar 28 06:26:36 +0000 2026","https://x.com/dev_taeu/status/2037778363922952676"
"洋平","很多人没有意识到AI已经成为我们快速入门任何一个领域的必备工具了。

但是大多数人只是停留在用AI搜东西+问问题的步骤上。

类似于你拿到一把开天宝剑，然后你用来切菜一样。

这篇内容的方法论很适合任何一个人用AI进入任何一个新领域。","Sat Mar 28 07:11:23 +0000 2026","https://x.com/MYohei707/status/2037789631408996617"
"Luna","最看好的00后","Sat Mar 28 16:22:50 +0000 2026","https://x.com/LunaAI519/status/2037928408022388746"
"粉象闪闪哥","这届年轻人了不得","Sun Mar 29 00:38:14 +0000 2026","https://x.com/uniquelee001/status/2038053080520950172"
"0x星辰AI","多平台信息源 → 全部转成 Markdown → 喂进 NotebookLM 知识库 → Claude Code 批量提问 + 保存答案到本地 → 基于问答创作自己的内容

这就是用AI快速搞懂一个方向，创业门槛极致压低，做到之前完全不敢想的事情，可以根据自己想创业的方向，不停地用AI积累自己的知识库，将来必有大用","Sun Mar 29 00:53:47 +0000 2026","https://x.com/0xStarsAI/status/2038056995857862879"
"金字塔","找到了，就是这个，谢谢大家
https://t.co/xWEB0xDNpi","Sun Mar 29 15:46:59 +0000 2026","https://x.com/oknixus/status/2038281777324904751"
"lz Ni","这一整套学习复盘的干活，给我整的心潮澎撒的，还得是00后，这么真诚的分享，你是我哥！
https://t.co/oOoHMrz8tB","Mon Mar 30 04:08:02 +0000 2026","https://x.com/Nilz277/status/2038468268038705584"
"东云Po","AI时代如何快速学习各种知识，这篇文章告诉你00后如何快速学习，迭代。他们用AI真的是毫无障碍","Mon Mar 30 16:38:56 +0000 2026","https://x.com/popodaddy726/status/2038657238940934369"
"穿堂风","终于抽时间消化了一下这篇，知识被嚼成流食喂进肠胃的赶脚，但是不要忽视一个现象级问题，就是现在插件满天飞，浏览器内核平台也三分天下，各个大厂跑马圈地，选择太多就成了睁眼瞎，甚至根本没办法跑一遍流程就陷入了无止境的工具对比选择地狱中，炼化成一个问题就是到底哪款浏览器平台（desktop端），以及手机APP能够真正让用户减少选择判断以及窗口切换开销，真正实现注意力不流散，让这些兴奋剂直接吸收进大肠小肠直肠。","Wed Apr 15 15:22:39 +0000 2026","https://x.com/chuantangfeng19/status/2044436244038610959"
"可可耐特coconut","学习","Thu Apr 16 15:32:14 +0000 2026","https://x.com/coconut_256/status/2044801046263083400"
"博蓝","读完直接眼前一亮！“用AI做研究，用人做表达”这句话太到位了。NotebookLM防幻觉 + Claude批量提问 + 自己手搓表达的闭环，值得每个想内容变现的人抄作业。👍","Tue Apr 21 01:57:57 +0000 2026","https://x.com/BolanHsiao/status/2046408062639210606"
