姓名,用户名,头像
"Jackywine","@Jackywine","https://pbs.twimg.com/profile_images/1805875520430915586/x3t_sQdd_normal.jpg"
"快雪时晴","@yi_taylor1314","https://pbs.twimg.com/profile_images/2035717719937675264/YVfFx2gv_normal.jpg"
"0595小蝴蝶fq","@0595qqlssh","https://pbs.twimg.com/profile_images/1521295766446551040/atJw4-K__normal.jpg"
"porn micheal","@pornmicheal1","https://pbs.twimg.com/profile_images/1475054230666838017/jqp97FQF_normal.jpg"
"加密大玩家-老K","@X_Crypto110","https://pbs.twimg.com/profile_images/1903011068831780864/WC9VYRcn_normal.jpg"
"topsea❤️ Memecoin🦇🔊","@topsea_eth","https://pbs.twimg.com/profile_images/1432704937499185155/4uv9-1qy_normal.png"
"见路不走🦅 .","@Metadoor_o","https://pbs.twimg.com/profile_images/1857059378764865537/1Vg5pJ5b_normal.jpg"
"BeyonDream(诚信互关)","@BeyonDreamXYZ","https://pbs.twimg.com/profile_images/1887999360572772352/8nor0a5z_normal.jpg"
"Metamental | 方外之域","@yijiangren","https://pbs.twimg.com/profile_images/2004767069213188096/1HFqUWd4_normal.jpg"
"长生·和·美女","@rio46209515","https://pbs.twimg.com/profile_images/1055677326908891136/Y8Eyo_lq_normal.jpg"
"Joren.W","@jorenw0109","https://pbs.twimg.com/profile_images/2034481187625037824/1Ken8Ik9_normal.jpg"
"吃不溜eeeuunice","@allisonnnnly","https://pbs.twimg.com/profile_images/1613526799786594306/EUolHR-J_normal.jpg"
"年富一年","@nianfuyinian","https://pbs.twimg.com/profile_images/1974035182782210048/EV2sIuGO_normal.jpg"
"Mike L","@Mike39602260","https://pbs.twimg.com/profile_images/1609008626710216704/oqTr4NHH_normal.png"
"Gengar (MON to $1)☂️","@Genggar0x","https://pbs.twimg.com/profile_images/1932407051017502720/YOm_30EG_normal.jpg"
"jerry","@jerrych63534383","https://pbs.twimg.com/profile_images/1471475219604774914/QPEv8Qbh_normal.jpg"
"阿壮","@Big_ethan2023","https://pbs.twimg.com/profile_images/2040092262668103680/H2U5JNYH_normal.jpg"
"Web3廷廷(幣圈AI版)","@tingcrypto_TW","https://pbs.twimg.com/profile_images/1777190964362403840/W1hLg9mn_normal.jpg"
"弥勒果网站主理人","@ZZuYCSY","https://pbs.twimg.com/profile_images/2031229809695817728/ha_yQUU8_normal.jpg"
"路人甲","@ylsbtl","https://pbs.twimg.com/profile_images/1077573273183911936/d6dMtM2H_normal.jpg"
"脆Ro 🍄‍🟫","@ktyiiii","https://pbs.twimg.com/profile_images/1809183938629279744/49_BfDIK_normal.jpg"
"要冷静要钻住","@chelseamonroe50","https://pbs.twimg.com/profile_images/2011030868945715200/kVHeC3rZ_normal.jpg"
"管四","@guansi","https://pbs.twimg.com/profile_images/1499013646789525505/EqSYR5C0_normal.jpg"
"Bedtime Story","@BoMiaoFinance","https://pbs.twimg.com/profile_images/2043571125683367936/OGVKoxdb_normal.jpg"
"WenWang","@WenBuilds","https://pbs.twimg.com/profile_images/2014208328142925824/eP_qpx3Y_normal.jpg"
"JackHu","@aviciieth","https://pbs.twimg.com/profile_images/1981103435840679936/5VRilDTS_normal.jpg"
"特斯拉自动驾驶电台","@you3flybird","https://pbs.twimg.com/profile_images/1866307436442775552/BYsRQRTH_normal.jpg"
"NEMO","@Nemo030303","https://abs.twimg.com/sticky/default_profile_images/default_profile_normal.png"
"awww","@awww286383","https://pbs.twimg.com/profile_images/1771210283362713600/eUB9J_Fv_normal.jpg"
"青山 Mercury","@6gGJbTvpCU44186","https://pbs.twimg.com/profile_images/2034860756311973891/2QGOjPgk_normal.jpg"
"夜之城玩家","@xiaocheng223","https://pbs.twimg.com/profile_images/1909524458169352192/Y2tmLcHB_normal.jpg"
"希耶丝塔不是屑丝塔","@Chisa_yyy","https://pbs.twimg.com/profile_images/2046332716040568832/8uqRKaR1_normal.jpg"
"MAYDAY","@LePerla423985","https://pbs.twimg.com/profile_images/1917474816694837250/eZA9EUnI_normal.jpg"
"PēāRL-VēTRāDesign","@YaaonP","https://pbs.twimg.com/profile_images/1325245473003884546/uyvGKBoz_normal.jpg"
"0xtwoday 🧲","@zxcvbnm123zm","https://pbs.twimg.com/profile_images/1845022852883636224/Si746O0L_normal.jpg"
"winghouse","@0xqiAlpha","https://pbs.twimg.com/profile_images/1974478732346986496/eP0xknWj_normal.jpg"
"gitpush.mid Ⓜ️Ⓜ️T","@hanhan88899","https://pbs.twimg.com/profile_images/1738028903086886912/JG4yxmzJ_normal.jpg"
"贾FREE斯 JIA FREE SI","@XuXuzhao212304","https://pbs.twimg.com/profile_images/1905868735157817344/VFLWA04D_normal.jpg"
"海兽知识分享","@dwjgxxx","https://pbs.twimg.com/profile_images/2016268312112467968/KVqLBX72_normal.jpg"
"AlexHYZhang","@alexhyzhang","https://pbs.twimg.com/profile_images/1956320687989170181/Xz7tvJQN_normal.jpg"
"believer 韭想","@dl_irvin","https://pbs.twimg.com/profile_images/1971551787955150848/l3p6muGf_normal.jpg"
"x","@rfctfu","https://pbs.twimg.com/profile_images/1556540254273736704/iC1pfMHe_normal.jpg"
"Vesper Gu","@0x_vesper","https://pbs.twimg.com/profile_images/1980269267732840450/oZlgvsjD_normal.jpg"
"Xsir","@Xsir01","https://pbs.twimg.com/profile_images/1853434403877486592/IAJfhaXB_normal.jpg"
"YaskurAenk","@s_nabilyaskur","https://pbs.twimg.com/profile_images/2021682028845076480/VMt0cFq9_normal.jpg"
"Mia 要努力🦆₍•ʚ•₎","@MuyaoZhang","https://pbs.twimg.com/profile_images/1802147576747110400/44_GoxoX_normal.jpg"
"leogood123","@nathanl41593995","https://pbs.twimg.com/profile_images/1543430156093689858/xauhztEo_normal.png"
"CCHH","@0571jinhuan","https://pbs.twimg.com/profile_images/1939842805108535296/KTO313d6_normal.jpg"
"波旬","@Dark_Matter_Y","https://pbs.twimg.com/profile_images/1384281419489300489/rITlS04U_normal.jpg"
"Reina","@Reinalfg","https://pbs.twimg.com/profile_images/1722261176200122368/i7xegmi0_normal.jpg"
"厅内敛财","@tianzhi87","https://pbs.twimg.com/profile_images/1488563368201900035/O9twbxxg_normal.jpg"
"如花在野, 行思无界( Adam)","@goodadams2022","https://pbs.twimg.com/profile_images/1527453852366082048/2yKPka7A_normal.png"
"恋足癖（足フェチ）","@mPCFlGBY62fFGZJ","https://pbs.twimg.com/profile_images/1301224199910912000/4qwCoSFN_normal.jpg"
"寂寞的时候吃面","@Tubular1705","https://pbs.twimg.com/profile_images/1905990671582019584/vPU-bKRE_normal.jpg"
"老陈","@orangebing","https://pbs.twimg.com/profile_images/1774273089632976896/MBb698HE_normal.jpg"
"Yuvi","@Li665508Li","https://pbs.twimg.com/profile_images/2036027607808905217/RqaWpvw5_normal.jpg"
"Lily Hu","@Lily_october25","https://pbs.twimg.com/profile_images/1503628768790794241/0V3dfiCn_normal.png"
"walker","@walker_noname","https://pbs.twimg.com/profile_images/1958358439345958912/33FpMbuY_normal.jpg"
"村北呼保义","@King86877174","https://pbs.twimg.com/profile_images/1506689701721571328/wg_KLCa-_normal.jpg"
"一币上岸","@YqbBw3FTO70V2JB","https://pbs.twimg.com/profile_images/1549244773625724928/W-f-NsyM_normal.jpg"
"ray","@bornwang1221","https://pbs.twimg.com/profile_images/1999398875866759169/Ih_zUlTl_normal.jpg"
"HZ","@kurtdanm","https://pbs.twimg.com/profile_images/1674688047475224578/6eR1Nqt4_normal.jpg"
"loopie","@peaceandsika","https://pbs.twimg.com/profile_images/1626235468391284745/NgvSGWwm_normal.jpg"
"一心向道","@yanqiang","https://pbs.twimg.com/profile_images/1963205481134252032/RJ5dtQiO_normal.jpg"
"物超所值มรรคา","@wcszwei","https://pbs.twimg.com/profile_images/1260438312868855809/Fq4lg1S7_normal.jpg"
"mark","@ffzy985","https://pbs.twimg.com/profile_images/809752021901447169/tvpHAkvr_normal.jpg"
"AdamTZ","@Adam_Investment","https://pbs.twimg.com/profile_images/1871205594100875264/r-wQIbGQ_normal.jpg"
"Luxin YIN","@YinLuxin","https://pbs.twimg.com/profile_images/1339557590066446338/8t9NRgkY_normal.jpg"
"wanghongyi","@hongyi17888","https://pbs.twimg.com/profile_images/1597585376238915584/aaqHjaDW_normal.jpg"
"Zhou Chao","@CRinkou","https://pbs.twimg.com/profile_images/1925399552829657088/OSrEOiVN_normal.jpg"
"xgdu","@lingduk","https://pbs.twimg.com/profile_images/1876707275458682880/NCwrN8qz_normal.jpg"
"哩呐叨叨","@LiNaDao7uu","https://pbs.twimg.com/profile_images/1974800040456790016/b9sV11Ll_normal.jpg"
"hu ling","@Liyahui666888Li","https://pbs.twimg.com/profile_images/1505572123368370178/Hff8Q6Wa_normal.png"
"STONE🐦‍⬛🪨承太⚛️(🖤,🤍)","@weiyideenhui","https://pbs.twimg.com/profile_images/1610933174955282436/XzQzYqz3_normal.jpg"
"ゆうな","@sandyxw1","https://pbs.twimg.com/profile_images/1501789608967012356/PRYAWIiO_normal.jpg"
"asha","@ashaQ_Qooo","https://pbs.twimg.com/profile_images/1931050912220606465/3urd5gxk_normal.jpg"
"Wangle","@Songmy1422","https://pbs.twimg.com/profile_images/1976120485210619905/evditFhr_normal.jpg"
"果冻橙","@PandaXiong13","https://pbs.twimg.com/profile_images/1730512095551406080/3Bl-q1gS_normal.jpg"
"果果妈咪","@Onebabyoneworld","https://pbs.twimg.com/profile_images/1744223135124324352/mZeJCYZe_normal.jpg"
"0xbaroque.lens ((🔴, 💊))","@0xbaroque","https://pbs.twimg.com/profile_images/1892774017716932608/_jaIDHtX_normal.jpg"
"LZIIIIII77","@LZIIIIII77","https://pbs.twimg.com/profile_images/2003528392663056384/Q89dC3U3_normal.jpg"
"jevvy_yang","@JevvyYang","https://pbs.twimg.com/profile_images/1141194890832838656/_gQ9zUMr_normal.png"
"Peter for AI","@PeterPeng1984","https://pbs.twimg.com/profile_images/1710623129725550592/kApAhaOO_normal.jpg"
"狂奔的蜗牛","@kuangbendewon","https://pbs.twimg.com/profile_images/1525779044058288128/J6YRfKuu_normal.jpg"
"DY","@Darby008","https://pbs.twimg.com/profile_images/1519309104212512768/z5GbThT5_normal.jpg"
"TradeCHQ","@TradeQM","https://pbs.twimg.com/profile_images/1246083066554015745/0-zs5QDr_normal.jpg"
"海王星","@Ka18eEuqy9tP7B7","https://pbs.twimg.com/profile_images/1132693505711587328/5WjTh5a3_normal.jpg"
"NIUBI","@NIUBI37001998","https://pbs.twimg.com/profile_images/1080110716537823232/VjeW0y2n_normal.jpg"
"坐标028","@dajibayeye1","https://pbs.twimg.com/profile_images/1529822979302993922/La-SzHsQ_normal.jpg"
"無","@glider0402","https://pbs.twimg.com/profile_images/1597101711398563840/doHll33s_normal.jpg"
"동현🇰🇷🇺🇸","@dong_hyeon92","https://pbs.twimg.com/profile_images/1934465677370466304/c8dIpqcU_normal.jpg"
"你說那個叫波羅的傢伙？","@enny95292","https://pbs.twimg.com/profile_images/1147893486798065665/PDJUmKr5_normal.jpg"
"PepeTrader.OKX","@EdmundToynbee2","https://pbs.twimg.com/profile_images/1979868072392445952/tUWNcqxe_normal.jpg"
"Jack Zhang","@ZaZ152551821537","https://pbs.twimg.com/profile_images/1943524156798083072/3U-zsYHL_normal.jpg"
"kylin","@drkylinwang","https://pbs.twimg.com/profile_images/1458085223955116042/tBbHXgoW_normal.jpg"
"0x_lllllium","@mikami210923","https://pbs.twimg.com/profile_images/1600371770909134848/vPZ_l7fe_normal.jpg"
"卿薇","@jingzhifeng","https://pbs.twimg.com/profile_images/1262095636796604416/NnlU-FRc_normal.jpg"
"Lightning","@ssTyler2022","https://pbs.twimg.com/profile_images/1623147550093238273/5SEe027K_normal.png"
"环游宇宙","@kalamazoZ","https://pbs.twimg.com/profile_images/1864878633271103488/1nRUf2cg_normal.jpg"
"QAQ","@DearRan94","https://pbs.twimg.com/profile_images/2047244465849712640/4KiCyz_W_normal.jpg"
"Zongwei","@nnweigl","https://pbs.twimg.com/profile_images/1630958506378510338/RY4c4_yH_normal.jpg"
"富春御龙☯","@Qingshui000626","https://pbs.twimg.com/profile_images/1832668971004559360/LtjQ2Q0H_normal.jpg"
"书含","@agzmINSuIrbJ1wJ","https://pbs.twimg.com/profile_images/1626530895225098241/m1FUp287_normal.jpg"
"R.","@R__masa","https://pbs.twimg.com/profile_images/2045483433670184960/HjWW2lyJ_normal.jpg"
"觉醒的路上","@Family2021Brown","https://pbs.twimg.com/profile_images/1599980046508347392/eNSWc9zi_normal.jpg"
"Dong","@Dong15373086330","https://pbs.twimg.com/profile_images/1941254578432770048/KlGtm3vt_normal.jpg"
"弥赛亚","@weidaobaibi","https://pbs.twimg.com/profile_images/1610302782887677952/uWyDQaL__normal.jpg"
"牛马不是牛马","@yy_66661212","https://pbs.twimg.com/profile_images/1981644633189834752/dVWDutHW_normal.jpg"
"404 ARE 🔭","@404Are","https://pbs.twimg.com/profile_images/1489138702525759490/H2hH7b80_normal.jpg"
"Vedtr","@tyyptr","https://pbs.twimg.com/profile_images/1849060053736910848/QOechO2N_normal.jpg"
"GaryFangV","@GaryFangV","https://pbs.twimg.com/profile_images/1062300681606844417/-l9FhOHJ_normal.jpg"
"HuisonDigital","@ynglng781175692","https://pbs.twimg.com/profile_images/2046190150930071553/2F4XIbOi_normal.jpg"
"Qbd","@QuentinYang10","https://pbs.twimg.com/profile_images/1676277469593358336/EGEybfHA_normal.jpg"
"晓寒轻","@hi7k2","https://pbs.twimg.com/profile_images/1979509951199358976/qdTgJQ0W_normal.jpg"
"非著名AI家","@AIworld1213","https://pbs.twimg.com/profile_images/2027217292459929600/k9WAKodH_normal.jpg"
"yanzu wu","@aiyalian126","https://pbs.twimg.com/profile_images/1735011387020300288/sog50KMA_normal.jpg"
"shijueming","@shijueming3","https://pbs.twimg.com/profile_images/1725545659057774592/kW0bWsQg_normal.jpg"
"Mr.Y","@yx33039202","https://pbs.twimg.com/profile_images/1320598477559242752/Tea_CGfG_normal.jpg"
"金淼淼","@Special3114","https://pbs.twimg.com/profile_images/1996802046817980417/4D9Y4Erp_normal.jpg"
"xpluto","@chengqiang1992","https://pbs.twimg.com/profile_images/1205012828735672321/8AwmN0PT_normal.jpg"
"Feel","@Felix81890488","https://pbs.twimg.com/profile_images/1599050071164989441/Et8-tPm6_normal.jpg"
"YKSLP","@YKSLP1","https://pbs.twimg.com/profile_images/1594335737134338049/uUiu-lAE_normal.jpg"
"ice9527","@lingxnglng9227","https://pbs.twimg.com/profile_images/1730839846070181889/rkFks33a_normal.jpg"
"sad","@wssg0430","https://pbs.twimg.com/profile_images/1447138913592643591/yw-Oq9tk_normal.jpg"
"某某","@becontrolledbyS","https://pbs.twimg.com/profile_images/1020144290306043904/idPocDcs_normal.jpg"
"家益","@Liuduoduoya","https://pbs.twimg.com/profile_images/1679899505897136128/-ic7ozEi_normal.jpg"
"小老虎","@k833015101","https://pbs.twimg.com/profile_images/1778385771235627008/FSv398GH_normal.jpg"
"都市双行线🇨🇳","@davidyang222","https://pbs.twimg.com/profile_images/1497498361351458820/GKZ6klO4_normal.jpg"
"Ethereal Soul","@EtherealSoulAI","https://pbs.twimg.com/profile_images/1819596724706652160/UpkxLQVy_normal.jpg"
"Star Coin","@MiaoStone52405","https://pbs.twimg.com/profile_images/1969664453064212482/tW7uvr3j_normal.jpg"
"周牧野","@JUSTINZY0707","https://pbs.twimg.com/profile_images/1476100367809228801/icC0xJGx_normal.jpg"
"datalol33","@datalol3359418","https://pbs.twimg.com/profile_images/1796835380437954560/EX1OHnkb_normal.jpg"
"Bon","@FengShun76377","https://pbs.twimg.com/profile_images/1858435638825295873/S1lro5-J_normal.jpg"
"🐱","@marshalchen666","https://pbs.twimg.com/profile_images/1556756389891977216/Ti2QpUSg_normal.jpg"
"peper","@like_defrog","https://pbs.twimg.com/profile_images/1755494008649093120/QlYd-HBR_normal.jpg"
"SgrHope","@hope_sgr","https://pbs.twimg.com/profile_images/1761870497678340096/RxVchE2c_normal.jpg"
"sinいちか†","@LUO2550","https://pbs.twimg.com/profile_images/1214768131773743106/lp2qJioC_normal.jpg"
"liukexi","@liukexi1","https://pbs.twimg.com/profile_images/1727496535292989441/5xYksc7Y_normal.jpg"
"赌怪卢本伟hitb","@YYQ11p","https://pbs.twimg.com/profile_images/1887500621395468292/SGynwu7Y_normal.jpg"
"KoiL.","@koiL9527","https://pbs.twimg.com/profile_images/2040341157281210369/tIR6xCL1_normal.jpg"
"匠心極選","@768150007","https://pbs.twimg.com/profile_images/2007725526161760256/BALgbA9o_normal.jpg"
"ysndb","@abbott51638626","https://pbs.twimg.com/profile_images/1288726059983073280/6h51Dmoq_normal.jpg"
"lazyliu123456","@lazyliu123456","https://pbs.twimg.com/profile_images/1118821734730219521/Hm5TR8O5_normal.jpg"
"启林子","@superbnando","https://pbs.twimg.com/profile_images/1665461936513863682/8KkxVpXN_normal.jpg"
"风板","@fm365","https://pbs.twimg.com/profile_images/601676200/finger_normal.jpg"
"Nine","@AllinHome9","https://pbs.twimg.com/profile_images/1924334494716248064/1jmMZha-_normal.jpg"
"Annieee","@Annieeeqr","https://pbs.twimg.com/profile_images/1593581505489817602/CxpsqCUx_normal.jpg"
"Jasonchen","@JcchenJason","https://pbs.twimg.com/profile_images/1519871298327166976/xVq0WiKo_normal.jpg"
"乐毅","@lollijames","https://pbs.twimg.com/profile_images/1227429603423047682/J8kB1pkQ_normal.jpg"
"liuhellocat","@hellocatRun","https://abs.twimg.com/sticky/default_profile_images/default_profile_normal.png"
"Retact","@Retact251074","https://pbs.twimg.com/profile_images/1739496734802534400/ZNZXa8CN_normal.jpg"
"Xfake","@Fakebody1","https://pbs.twimg.com/profile_images/1683170645499158530/f_2jWoU3_normal.jpg"
"mmmmm","@bgwill716","https://pbs.twimg.com/profile_images/1087709829370544129/2u3oOYxG_normal.jpg"
"he ro","@hero202205","https://pbs.twimg.com/profile_images/1529472649516027904/s1O4YmsR_normal.jpg"
"良","@snxinling2","https://pbs.twimg.com/profile_images/1609814728095993857/VeNPsYJY_normal.jpg"
"pp","@jeremy230621","https://pbs.twimg.com/profile_images/1802354783506046976/PgzvtugJ_normal.jpg"
"banzong","@lonely_goodness","https://pbs.twimg.com/profile_images/2017251810768265216/0TeZKTJF_normal.jpg"
"花太郎","@y7vu365f21T7uEv","https://pbs.twimg.com/profile_images/2031355673901150214/VBfo414z_normal.jpg"
"0xPizzas77🔸BNB","@PIZZAS777","https://pbs.twimg.com/profile_images/1930169686022598656/FDd7hMqq_normal.jpg"
"검은닭","@geomblack24","https://pbs.twimg.com/profile_images/2036363918344593408/B4QyXwJL_normal.jpg"
"qualia","@qualiajay","https://pbs.twimg.com/profile_images/1776441409052028928/3c3b3cYx_normal.jpg"
"Bloomingfly","@jjinfire","https://pbs.twimg.com/profile_images/1593241667682721795/TSSMTINb_normal.jpg"
"Mr R🦜","@wjp31401127","https://pbs.twimg.com/profile_images/1762110639089266688/HTXAUXs6_normal.jpg"
"JamWASZ","@jameswana","https://pbs.twimg.com/profile_images/1634101223153635328/_AsQAFUl_normal.jpg"
"truemen jie","@JieTruemen","https://pbs.twimg.com/profile_images/1693623562169430016/zU7zza9r_normal.png"
"A_Origin","@Tianyi45597","https://pbs.twimg.com/profile_images/2023821580216999936/eEzd3dIi_normal.jpg"
"ryoh setsu","@liangzipc","https://pbs.twimg.com/profile_images/1301344191344070656/aKlaFMDO_normal.jpg"
"哈哈","@e7aXowrWJG50837","https://pbs.twimg.com/profile_images/1748104312272965632/Orn2R4f2_normal.jpg"
"欧阳方超","@nt1Y821H9M2gTeW","https://pbs.twimg.com/profile_images/1814632358139867137/nzzw3xKP_normal.jpg"
"Railgun","@Railgun9","https://pbs.twimg.com/profile_images/1285220630560862209/mPVUZ0p7_normal.jpg"
"lerning","@xSivc9yKjYh5tvw","https://pbs.twimg.com/profile_images/1460200622373076997/pk65Oj3w_normal.jpg"
"telnetWorld","@TelnetWY","https://pbs.twimg.com/profile_images/1888080907313233920/xsIr-0S5_normal.jpg"
"Jason","@q19351","https://abs.twimg.com/sticky/default_profile_images/default_profile_normal.png"
"anonymous player","@HiImSwindler","https://pbs.twimg.com/profile_images/1663519161534894081/G0KkhP_A_normal.jpg"
"ivosun","@ivosun","https://pbs.twimg.com/profile_images/459553492252651520/2QICmf4V_normal.jpeg"
"犹怜草木青","@dssysso62425","https://pbs.twimg.com/profile_images/1999115475339681792/J7ARCd_w_normal.png"
"J Quiet","@QuietJ53376","https://pbs.twimg.com/profile_images/2026277142859059200/6_gQqXMQ_normal.jpg"
"冯通宵","@fengtongxiao16","https://pbs.twimg.com/profile_images/2027982387557371905/TJ7jHPKJ_normal.jpg"
"🐺沃里克","@0x2118","https://pbs.twimg.com/profile_images/2004221523658473472/iRtEphrQ_normal.jpg"
"gz gz","@SU_77777777777","https://pbs.twimg.com/profile_images/1899091314383454209/kWbZayVH_normal.jpg"
"飞鱼","@letianepai","https://pbs.twimg.com/profile_images/1945459492444868608/Gv2uXDCY_normal.jpg"
"风华未然","@Y1790101044","https://pbs.twimg.com/profile_images/1278341969094119425/X4vsgJMq_normal.jpg"
"Sam崔","@SamBCui","https://pbs.twimg.com/profile_images/2029445594478198786/52n7dWNw_normal.jpg"
"本喵不困","@honeybaby_57","https://pbs.twimg.com/profile_images/1424442242333302789/ORd_XUNx_normal.jpg"
"Ming","@Ming172495","https://pbs.twimg.com/profile_images/1884505397928628224/1zyf-LZ7_normal.jpg"
"Jack li","@Jackli492964862","https://pbs.twimg.com/profile_images/1851469665194663936/F3G98QQ4_normal.png"
"Lion龙年","@Longnianthink","https://pbs.twimg.com/profile_images/2004181345279291392/t1TIvnAJ_normal.jpg"
"ahahshjsis","@LKang885","https://pbs.twimg.com/profile_images/1847121811471060992/8Qun1oxT_normal.jpg"
"miggie","@miggiekiko","https://pbs.twimg.com/profile_images/2029892151744811009/B63tk2we_normal.jpg"
"A-Dong","@uygnod","https://pbs.twimg.com/profile_images/2023420663575588864/F2UdfA9F_normal.jpg"
"幸福大肌霸","@jackjackdu","https://pbs.twimg.com/profile_images/1583637037239791617/kalMOrLA_normal.jpg"
".","@CaseyNick4700","https://pbs.twimg.com/profile_images/2008776320298500097/1o_yAEvX_normal.jpg"
"haypal_OKX","@HaypalL72668","https://pbs.twimg.com/profile_images/1984644015115882496/3WZU0G2f_normal.jpg"
"Irene Liu","@liu_irene","https://pbs.twimg.com/profile_images/1904074656673652736/U-hYsYSF_normal.png"
"Farmer_Lu","@Farmer8Lu","https://pbs.twimg.com/profile_images/1761772095267274753/umlEXbed_normal.jpg"
"mk","@mk07081741","https://pbs.twimg.com/profile_images/1547163272947703809/7ZuiLB3i_normal.jpg"
"theblack","@intheblackworld","https://pbs.twimg.com/profile_images/1883360715312119808/TqTQQaZY_normal.jpg"
"CD-keke","@cd_keke","https://pbs.twimg.com/profile_images/1696328927604805633/pjmgXm9T_normal.jpg"
"DPH","@DPHbqny","https://pbs.twimg.com/profile_images/1554459615932596224/P7LyKzXB_normal.png"
"爱吃爱玩爱睡","@8vYKEVOHqr9050","https://pbs.twimg.com/profile_images/1983428117487292416/geJ0wqTN_normal.jpg"
"ElGreco","@Elgreco1018","https://pbs.twimg.com/profile_images/1996615703349374976/5g24oGP4_normal.jpg"
"Rocky","@qichuang711","https://pbs.twimg.com/profile_images/1459681323032137729/1db8Oxx8_normal.jpg"
"None","@Ting090Y","https://pbs.twimg.com/profile_images/1225539104902983684/xtZenCII_normal.jpg"
"fubao","@mike567748","https://pbs.twimg.com/profile_images/1971185260772888576/XI_F9Y6E_normal.jpg"
"huai guan(✱,✱）","@guan1989huai","https://pbs.twimg.com/profile_images/1994662672114356232/7nirM8KS_normal.jpg"
"大象席地而坐","@elivan_van","https://pbs.twimg.com/profile_images/1041923684313595904/aJZT4oH5_normal.jpg"
"LIJUNLONG","@Adun0111","https://pbs.twimg.com/profile_images/1843117653126483968/InEzHjF0_normal.jpg"
"楚慈","@feichengszd","https://pbs.twimg.com/profile_images/1202287027166691328/2fk5bl41_normal.jpg"
"Bram coco","@BramCoco","https://pbs.twimg.com/profile_images/1873798826613415936/cL7JMr6M_normal.jpg"
"li","@lknlng5","https://pbs.twimg.com/profile_images/1589460766247120896/g6EO9Eby_normal.jpg"
"ccx","@Windofflower","https://pbs.twimg.com/profile_images/1880539189239840768/iZn_0Kne_normal.jpg"
"高规","@TreeGaoo","https://pbs.twimg.com/profile_images/1241514316257325056/IVHvVg_B_normal.jpg"
"kkkkr_","@kkkkr2025_","https://abs.twimg.com/sticky/default_profile_images/default_profile_normal.png"
"MC","@yamakesheng","https://pbs.twimg.com/profile_images/1964354976593170436/HuKedK7M_normal.jpg"
"Hei Jude","@metaninjan","https://pbs.twimg.com/profile_images/1523208096566284288/NkRicCTV_normal.jpg"
"YYYYY","@YIN65432","https://pbs.twimg.com/profile_images/1668650841983647746/GCDF5jzE_normal.png"
"Hubert","@yxc9527","https://pbs.twimg.com/profile_images/845896949186252800/xjSVE-6C_normal.jpg"
"fuermous H","@fuermous","https://pbs.twimg.com/profile_images/1946862986296999936/3BaaXSzg_normal.jpg"
"Mike","@Mike70322174239","https://abs.twimg.com/sticky/default_profile_images/default_profile_normal.png"
"kun.qin","@kunqin1192136","https://abs.twimg.com/sticky/default_profile_images/default_profile_normal.png"
"Henrain","@AiHengyuan","https://pbs.twimg.com/profile_images/1864014572405063680/OQPigL0l_normal.jpg"
"阿焕说AI","@shu_hao18305","https://pbs.twimg.com/profile_images/1965811916980236291/-I1_bWk0_normal.jpg"
"Tamour","@Tamour666","https://abs.twimg.com/sticky/default_profile_images/default_profile_normal.png"
"Tiny2070","@Tommy20701205","https://pbs.twimg.com/profile_images/1883663952925921280/pqhdF1vh_normal.jpg"
"lg134","@lightingroot13","https://pbs.twimg.com/profile_images/1468471487510159363/wdyRGqOK_normal.jpg"
"Frank Wang","@wangfrank592","https://pbs.twimg.com/profile_images/1659478025623461888/bHDYIB7T_normal.jpg"
"Angus","@imyangyong","https://pbs.twimg.com/profile_images/1726029927072600064/BmQmFVcA_normal.jpg"
"做个有文化的小猢狲","@kankan2112022","https://pbs.twimg.com/profile_images/1727534541177532416/DFYAK5B5_normal.jpg"
"Ted","@Ted_Nicholas_X","https://pbs.twimg.com/profile_images/1092059935771320323/ajkyhyUr_normal.jpg"
"奶","@zdwsb","https://abs.twimg.com/sticky/default_profile_images/default_profile_normal.png"
"WOW","@So_wasai","https://pbs.twimg.com/profile_images/1854177719816454144/IKNUIrMM_normal.jpg"
"SE7EN","@luoyeguigen2018","https://pbs.twimg.com/profile_images/949194025944297474/QSGtoFer_normal.jpg"
"tongtong","@tjtongtong","https://abs.twimg.com/sticky/default_profile_images/default_profile_normal.png"
"en en","@enenlaoolaha","https://pbs.twimg.com/profile_images/1619015748432662533/t2yvQmFo_normal.jpg"
"临季","@dissdissdanbeng","https://pbs.twimg.com/profile_images/1850743440356851712/aK5YkiaM_normal.jpg"
"Louis Ventno","@VincentRancho","https://pbs.twimg.com/profile_images/1549249378715516933/mvH52-3C_normal.jpg"
"challo","@golden_sunset00","https://abs.twimg.com/sticky/default_profile_images/default_profile_normal.png"
"老衲要囤币pro","@F_Jpeng","https://pbs.twimg.com/profile_images/1972614109595303936/gsgeQ8RL_normal.jpg"
"butffjnbt","@butffjnbt","https://pbs.twimg.com/profile_images/1730456090889134080/Bnerxbiy_normal.jpg"
"剑来城头客","@jalonliu","https://pbs.twimg.com/profile_images/1524166554128367616/WD_6xXPW_normal.jpg"
"高能腸粉","@Gncf_2231","https://pbs.twimg.com/profile_images/2031404224068857857/89QWd7hN_normal.jpg"
"Guofeng","@Guofeng2733221","https://pbs.twimg.com/profile_images/2012721865022746625/usrKjCtv_normal.jpg"
"Todd Wang","@ZichengWang19","https://pbs.twimg.com/profile_images/1452575266371371015/Zi6iCaPe_normal.jpg"
"masku.bit","@reynoldwei520","https://pbs.twimg.com/profile_images/1463115019147567105/lcF6tgEH_normal.jpg"
"莫小白","@moshanys","https://pbs.twimg.com/profile_images/1075358395685851136/ix92UO3J_normal.jpg"
"币登","@zyj8110","https://pbs.twimg.com/profile_images/1773676987393159168/hTuYOwG9_normal.jpg"
"west zhang","@WestZ61892","https://pbs.twimg.com/profile_images/2009297603977203715/SHm9eINW_normal.png"
"Dz.H","@Dz866402","https://pbs.twimg.com/profile_images/1630471656195112960/DHN-hKRr_normal.jpg"
"plas","@plas1981","https://pbs.twimg.com/profile_images/1734256200722849794/at09sFsW_normal.jpg"
"一","@cfcaiwuziyou","https://pbs.twimg.com/profile_images/1621156622524649474/yWvMT7yy_normal.png"
"开学来了","@ChangoChanchan","https://pbs.twimg.com/profile_images/1923083797161181186/J7hBxLY0_normal.jpg"
"felix","@wp_felix","https://pbs.twimg.com/profile_images/1439344314761420806/4wuF_GET_normal.jpg"
"Bobo","@angdychen","https://pbs.twimg.com/profile_images/1523273662631378945/zSgFp-uQ_normal.jpg"
"leinming","@leinming","https://pbs.twimg.com/profile_images/1627160691/h_large_l6dr_73e10000a22c2f75_normal.jpg"
"Gesaffelstein","@kinashut_supra","https://pbs.twimg.com/profile_images/2045556685058756608/1UvqD14x_normal.jpg"
"keepcuriosity","@LuWenzhuo51666","https://pbs.twimg.com/profile_images/2036638497449324544/J60DZkwr_normal.jpg"
"乐","@lianggor7","https://pbs.twimg.com/profile_images/1905855904458670080/0ppYYjQB_normal.jpg"
"安","@bobo144532","https://pbs.twimg.com/profile_images/1825624773659107328/xTAwEelT_normal.jpg"
"Michael Lee","@Fly_rains","https://pbs.twimg.com/profile_images/1660886288810254337/PY4sOZSx_normal.jpg"
"王鑫","@MarsX0613","https://pbs.twimg.com/profile_images/2004806220474134528/uXW9NQlD_normal.jpg"
"RaidingVN","@RaidingV","https://pbs.twimg.com/profile_images/1292968497471840257/WUb-CxIN_normal.jpg"
"Joe","@joeup1208","https://pbs.twimg.com/profile_images/1870029165807972353/fl05k21V_normal.jpg"
"your headmaster","@YHeadmaster","https://pbs.twimg.com/profile_images/957144265016016896/uJIYgt8X_normal.jpg"
"霍尔顿（求知探索版）","@huoerdunG","https://pbs.twimg.com/profile_images/1971411027616239616/cgeJmUjV_normal.jpg"
"随时随地发疯","@wngqng17028371","https://pbs.twimg.com/profile_images/1641412749828960256/W-odUQbR_normal.jpg"
"Liping","@LipingZhou9","https://pbs.twimg.com/profile_images/1500390111623593985/cUB_dcdI_normal.png"
"Kyanite | 猫头人","@0x_Cognitivot","https://pbs.twimg.com/profile_images/2036409669955231744/olrSx4q1_normal.jpg"
"路过","@liang_007_","https://pbs.twimg.com/profile_images/1476060718692990983/oXp9-1wG_normal.jpg"
"coreal","@coreal2000","https://pbs.twimg.com/profile_images/1669348926049382407/5ran-fZP_normal.jpg"
"Yet Not","@YetNot65004","https://pbs.twimg.com/profile_images/1958749948885049344/aAaEJe03_normal.jpg"
"xjxx","@xjxx722","https://abs.twimg.com/sticky/default_profile_images/default_profile_normal.png"
"粉象闪闪哥","@uniquelee001","https://pbs.twimg.com/profile_images/2035359015207575552/g8g1F2g1_normal.jpg"
"AQIAN","@AQIAN03054293","https://pbs.twimg.com/profile_images/1990258383182802944/v8IMwPsT_normal.jpg"
"Aaron","@Aaron97114409","https://pbs.twimg.com/profile_images/1546794008130646018/OOg0W_hc_normal.jpg"
"readyforhangover","@yhm87086","https://abs.twimg.com/sticky/default_profile_images/default_profile_normal.png"
"James","@James82069122","https://pbs.twimg.com/profile_images/1375268425698738182/9gCKs6eh_normal.jpg"
"bingo","@wwb16277","https://pbs.twimg.com/profile_images/552501017246314496/_j3lexnS_normal.jpeg"
"D4C","@joshli66491","https://pbs.twimg.com/profile_images/1935975436665671680/qh3mL-7Z_normal.jpg"
"escapedeskplan","@escapedeskplan","https://pbs.twimg.com/profile_images/1932300404521316352/KYXaMmb7_normal.jpg"
"ssss_juy","@mayjuy2","https://pbs.twimg.com/profile_images/1191245272896032768/2DCRiyre_normal.jpg"
"Seymour_wang","@Sermouer","https://pbs.twimg.com/profile_images/2042152553346150400/DR5Nksi7_normal.jpg"
"stranger","@mondo_YH","https://pbs.twimg.com/profile_images/1946472499123732480/z8l-TGm7_normal.jpg"
"Carolyn","@FabonacciiSSS","https://pbs.twimg.com/profile_images/1968413869187231744/XTRy0X_2_normal.png"
"lol666666","@make_china_glor","https://pbs.twimg.com/profile_images/1760453926678360064/qh50hxao_normal.jpg"
"mobilesuits","@Mobilesuits2k","https://pbs.twimg.com/profile_images/2044431440323260416/wrDYz832_normal.jpg"
"happymowen","@happymowen","https://pbs.twimg.com/profile_images/1979581668307472384/JniE3Djr_normal.jpg"
"完美风暴","@ZLCaner875","https://pbs.twimg.com/profile_images/2031644370286555138/00B1m28Q_normal.jpg"
"Andy Lee","@CyberAndy1997","https://pbs.twimg.com/profile_images/1962526354299355136/-RmjoDix_normal.png"
"Maddox Farmer","@ptoyf66277772","https://abs.twimg.com/sticky/default_profile_images/default_profile_normal.png"
"ryan_dragron","@ryan_dragron","https://pbs.twimg.com/profile_images/2025488381975891968/WiLSr0eN_normal.jpg"
"OvO","@killalilNavi","https://pbs.twimg.com/profile_images/1640037920806694913/q09In686_normal.jpg"
"Million","@xiaomigoumi","https://pbs.twimg.com/profile_images/668254738878566400/Dd9PBk6H_normal.jpg"
"iBlackberry","@Bber7000","https://pbs.twimg.com/profile_images/1167505269/1_normal.jpg"
"Corey","@TsaoYvmuye","https://pbs.twimg.com/profile_images/1840807138782035970/AMz12UJ9_normal.jpg"
"Kui Kui","@ming5486","https://pbs.twimg.com/profile_images/1811766764243681282/Q3QMC2K4_normal.jpg"
"gos lo","@lo76577","https://pbs.twimg.com/profile_images/1799090557639385088/0Rq9w8HJ_normal.png"
"大吃一顿鲸","@DrLiu1995","https://pbs.twimg.com/profile_images/2042082977749069826/xnmfs965_normal.jpg"
"cybyub","@2FPXM","https://pbs.twimg.com/profile_images/1841195889932845058/Ug-qMz_B_normal.jpg"
"JL","@lee77773017127","https://pbs.twimg.com/profile_images/1988357291037585408/EAjCNFMj_normal.jpg"
"大菜包","@Dacaibaobao","https://pbs.twimg.com/profile_images/1580723502906499072/QCBgbvRN_normal.jpg"
"EAQT","@EAQT9527","https://pbs.twimg.com/profile_images/2036445367882158080/imLSNqaM_normal.png"
"金中","@zsz214","https://abs.twimg.com/sticky/default_profile_images/default_profile_normal.png"
"BEAT shenmi","@BEAT0727","https://pbs.twimg.com/profile_images/1992181385797525504/MshV06Fo_normal.jpg"
"chan","@chan36275647","https://pbs.twimg.com/profile_images/1268498213591568385/BkcXHkDG_normal.jpg"
"SC92","@canesghen","https://pbs.twimg.com/profile_images/1056030810430730240/yOkSwQm5_normal.jpg"
"Julian","@DrMax1e","https://pbs.twimg.com/profile_images/1900886921917984769/vHPlovNB_normal.jpg"
"嘉","@UavfwjXzr4KIOba","https://pbs.twimg.com/profile_images/1457188102083125249/c-dPF_U-_normal.jpg"
"Zzzz z","@zujilng2","https://pbs.twimg.com/profile_images/1611635898055266304/5_gnahXV_normal.jpg"
"Lester Aaron","@LesterAaron7","https://abs.twimg.com/sticky/default_profile_images/default_profile_normal.png"
"Chao","@brianyu1211","https://pbs.twimg.com/profile_images/2037010123114373120/rEfbHtQg_normal.jpg"
"will smith","@genius2016001","https://abs.twimg.com/sticky/default_profile_images/default_profile_normal.png"
"Zocha","@YWtaemin","https://pbs.twimg.com/profile_images/1450861448066789377/iMzNgjIj_normal.jpg"
"Aurora","@Aurora23579","https://pbs.twimg.com/profile_images/1933117117106380800/C7canuUj_normal.jpg"
"梭哈全梭哈","@i_q_u_i_t_2022","https://pbs.twimg.com/profile_images/1880631098625114112/9THZ-De8_normal.jpg"
"海之领域","@haizhilingyu","https://pbs.twimg.com/profile_images/2017945282323849217/2juP1jma_normal.jpg"
"王怀智","@zhi_wang9942","https://pbs.twimg.com/profile_images/1965129143693312003/kfVIY5q2_normal.png"
"Evans","@tashuowoha72859","https://pbs.twimg.com/profile_images/1668598447577108481/8kaylt1i_normal.jpg"
"Zachary.","@zackmad98","https://pbs.twimg.com/profile_images/1660558132094062592/Me7qR15k_normal.jpg"
"Ophelia He","@OpheliaHe83791","https://pbs.twimg.com/profile_images/2006943378567499777/8qjUxa9O_normal.jpg"
"yu lin","@YuLin86008","https://pbs.twimg.com/profile_images/1932214975126511616/-WNv63AS_normal.png"
"Ethyria","@shaoguanwo_666","https://pbs.twimg.com/profile_images/1991170082442203137/WavAh3-O_normal.jpg"
"holy","@Mamba4vita","https://pbs.twimg.com/profile_images/1958067999908503552/92uFiQCL_normal.jpg"
"阿jing","@RJing99572","https://pbs.twimg.com/profile_images/2042794361608622080/S5B6pfu1_normal.jpg"
"asd","@kkkzys","https://abs.twimg.com/sticky/default_profile_images/default_profile_normal.png"
"Michael","@zhangchen2016","https://pbs.twimg.com/profile_images/1962279368098746368/7mXQchuP_normal.jpg"
"康康玩AI提示词","@kaseorx","https://pbs.twimg.com/profile_images/1640366874117689344/NkHIK6ko_normal.jpg"
"fanqie233","@mosbyllc","https://pbs.twimg.com/profile_images/1760944097056231424/co9EgcC-_normal.jpg"
"狂想想","@kxiangx","https://pbs.twimg.com/profile_images/1548618868226232323/jM07t12j_normal.png"
"luangzhenjun","@luangzhenjun","https://abs.twimg.com/sticky/default_profile_images/default_profile_normal.png"
"zwy","@776luckyy","https://pbs.twimg.com/profile_images/1853819421632143360/jMqYooxV_normal.jpg"
"nobody","@ll_Rubyliu","https://pbs.twimg.com/profile_images/1696572122821476352/yVoiBCnp_normal.jpg"
"To","@LingTo6","https://pbs.twimg.com/profile_images/1171980108250238977/qMe5STnX_normal.jpg"
"jack","@wanghao69898","https://pbs.twimg.com/profile_images/2040306848033890304/DlJ52VBU_normal.jpg"
"陆 Tony","@Tonylu_burh","https://pbs.twimg.com/profile_images/1851399881253916672/yF1npKJC_normal.jpg"
"熵","@hungkn259501","https://pbs.twimg.com/profile_images/2035475730067587072/AJuZyWh4_normal.jpg"
"KUAN-TE LIU","@kuan_liu6187","https://pbs.twimg.com/profile_images/1946607771308158976/SPvhrFHZ_normal.jpg"
"樱桃小丸子","@XiaoqingFeel","https://pbs.twimg.com/profile_images/1964701961741340673/V0Tyne_E_normal.jpg"
"ChrisMiller","@ChMi11er","https://abs.twimg.com/sticky/default_profile_images/default_profile_normal.png"
"起飞","@meilaoban588","https://pbs.twimg.com/profile_images/2039938597529534464/R95HdXCX_normal.jpg"
"Andy H. Build","@Andyhbuild","https://pbs.twimg.com/profile_images/1868546956634791936/V_GwCbNZ_normal.jpg"
"Tn","@nt111121","https://pbs.twimg.com/profile_images/1737823510725349377/h0ksc-Or_normal.jpg"
"文刀","@zdnyxt","https://pbs.twimg.com/profile_images/1848959734172491776/hdeCGfTT_normal.jpg"
"Xin","@Xin27752691","https://abs.twimg.com/sticky/default_profile_images/default_profile_normal.png"
"Ada l","@Adal340073","https://pbs.twimg.com/profile_images/1902035196410798080/6GUe4I9c_normal.jpg"
"Heimworth Shaw","@heimworthshaw","https://pbs.twimg.com/profile_images/1907397218379915264/wLZ7wg66_normal.png"
"cooober","@ShengranM57033","https://pbs.twimg.com/profile_images/2009794930408083456/ZM2juYPC_normal.jpg"
"carina","@jessicawang25","https://pbs.twimg.com/profile_images/495032871929647104/8TUbJjOE_normal.jpeg"
"tsui cosisi","@TCosisi","https://pbs.twimg.com/profile_images/1792284460320514048/ogi7Yt0S_normal.png"
"Guo Guo","@applegp007008","https://pbs.twimg.com/profile_images/1882208350991249408/D_pgOTUq_normal.jpg"
"画龙","@UbXTPrhd9N1691","https://pbs.twimg.com/profile_images/2036832013068668928/MRGJqMjL_normal.jpg"
"邓蕃怡","@fan_deng66421","https://pbs.twimg.com/profile_images/2033426068087119872/Gy3nxri5_normal.jpg"
"kuitt","@kuigoott","https://pbs.twimg.com/profile_images/2029854765786824704/p2_f9Pis_normal.jpg"
"Anmin","@Anmin2022888","https://abs.twimg.com/sticky/default_profile_images/default_profile_normal.png"
"lucky jnf","@luckey_jnf","https://pbs.twimg.com/profile_images/1886019937078263808/nop0HMvK_normal.jpg"
"dalanC","@Dalan_CC","https://pbs.twimg.com/profile_images/1858546839794208768/4KdRAOWO_normal.png"
"KOM","@wang07278735282","https://pbs.twimg.com/profile_images/1814348356501811200/TdiREwxo_normal.jpg"
"Hyuuuu","@HyuuuuX_X","https://pbs.twimg.com/profile_images/2035882423079276544/aWyzvm9Z_normal.jpg"
"Less is More","@jw6888888","https://pbs.twimg.com/profile_images/1976453075289477120/cKN8y39j_normal.jpg"
"ru zz","@13386541502Ru","https://pbs.twimg.com/profile_images/1830871051431243776/DKGbHURm_normal.jpg"
"ペコ","@IMFREEBIRDS","https://abs.twimg.com/sticky/default_profile_images/default_profile_normal.png"
"Eleanor","@Eleanor0709Hu","https://pbs.twimg.com/profile_images/2030338869653307392/speczf8a_normal.jpg"
"pumpfann","@pumpfann188","https://pbs.twimg.com/profile_images/2045339926267576320/dyP2egeA_normal.jpg"
"张雷","@zhanglei_1224","https://pbs.twimg.com/profile_images/2019623003529834499/7enGVO_R_normal.jpg"
"杨小咩","@youngxiaomie","https://pbs.twimg.com/profile_images/1414402817360420873/IY4qO7Xt_normal.jpg"
"sean","@sean6989916","https://pbs.twimg.com/profile_images/1889282525312565248/_ZGgTpu8_normal.png"
"RallyBelly","@BellyRally","https://pbs.twimg.com/profile_images/1898575196061347840/SIZlI_Ic_normal.jpg"
"Eason","@EasonCh16586748","https://pbs.twimg.com/profile_images/1940687071439441921/p6SCfcOj_normal.jpg"
"Leila Mckenzie","@MckenzieLe21945","https://pbs.twimg.com/profile_images/1779351525405405184/P1gW2CaP_normal.jpg"
"Lucky","@0xyali","https://pbs.twimg.com/profile_images/1885276539622768640/ilsPCqel_normal.png"
"taeu","@dev_taeu","https://pbs.twimg.com/profile_images/2037080168586764294/jA3E87gN_normal.jpg"
"Worldwar3","@aitrueor4","https://pbs.twimg.com/profile_images/1843598921777721346/KtoNZ7rl_normal.jpg"
"joy","@JoychxyJoy","https://pbs.twimg.com/profile_images/2036850279807954945/O31LjQsy_normal.jpg"
"Eric Chou","@EricccTaiwan","https://pbs.twimg.com/profile_images/2023397428804947968/3l9j4VI__normal.png"
"Colin Fang","@Colinnfang","https://abs.twimg.com/sticky/default_profile_images/default_profile_normal.png"
"AI9090","@AbadCoon","https://abs.twimg.com/sticky/default_profile_images/default_profile_normal.png"
"Leor昀泽","@LeeLevi28866","https://pbs.twimg.com/profile_images/2042079403690319873/7nNVp1qb_normal.jpg"
"Haruka","@Dorothy14011104","https://pbs.twimg.com/profile_images/943443176907456515/Lt1pjAXO_normal.jpg"
"qweudnwjjxnd","@J14GvWb7L4iGzkf","https://pbs.twimg.com/profile_images/1569669425510629376/t91NpX17_normal.jpg"
"wen wang","@wang_wen69529","https://pbs.twimg.com/profile_images/1896462355716091905/yVVWVjYc_normal.png"
"EEY","@Super_SH6","https://pbs.twimg.com/profile_images/1392151893191708674/QZsOV8ih_normal.jpg"
"yb12","@yb12453654","https://pbs.twimg.com/profile_images/1853065544662200320/svygBUxl_normal.jpg"
"穆大叔","@PbC2LU2Rl9xvJ7U","https://abs.twimg.com/sticky/default_profile_images/default_profile_normal.png"
"liangfen G","@g_liangfen","https://pbs.twimg.com/profile_images/2018957276082741249/uLqChsuD_normal.jpg"
"laivi","@louyfyyf","https://pbs.twimg.com/profile_images/1820090005458407426/PG5n-H8r_normal.jpg"
"H","@hh1234_11","https://pbs.twimg.com/profile_images/2034183227246841856/SMwdY7-j_normal.jpg"
"Lian Yang","@LianYang822495","https://pbs.twimg.com/profile_images/1875093790027104256/Ln35xrWS_normal.jpg"
"深夜用户Seb同学","@grandteteccfr","https://pbs.twimg.com/profile_images/2037701746752196608/ZuOEIXGf_normal.jpg"
"mastsam","@LeeeeSam","https://pbs.twimg.com/profile_images/568847194489618432/YDg944_d_normal.jpeg"
"Panca","@PancaX_02","https://pbs.twimg.com/profile_images/1797155623886598144/HSGI3B_G_normal.jpg"
"春秋的土豆","@123tgfeng","https://pbs.twimg.com/profile_images/1668478441476485122/Tbpx6WJE_normal.jpg"
"Gyver Lo","@GyverLo","https://pbs.twimg.com/profile_images/2027773231982342144/JCs9bywT_normal.png"
"温温","@kjNJUfNNdV57352","https://pbs.twimg.com/profile_images/2002744189797400576/BbEEztNo_normal.jpg"
"w","@w8659518819118","https://pbs.twimg.com/profile_images/2030599612311224320/nhDPUoqi_normal.jpg"
"唔唔","@wuwu9722","https://pbs.twimg.com/profile_images/1860007601028689920/AfaxykGq_normal.jpg"
"enjoysummer","@DCexplorerr","https://pbs.twimg.com/profile_images/2006456621052887040/HYp88HTB_normal.jpg"
"HHtsang","@HHtsang23","https://pbs.twimg.com/profile_images/2027792824645914626/ywuwoAS4_normal.jpg"
"Keanu Lee","@keanulee0726","https://pbs.twimg.com/profile_images/2037170562376884231/9GEaOAbD_normal.jpg"
"Cynthia233","@Cynthia2338156","https://pbs.twimg.com/profile_images/2033544862629593088/tozZUmMh_normal.jpg"
"sail","@sailchen","https://pbs.twimg.com/profile_images/2037070634925293568/wS-yJFox_normal.jpg"
"capitalistneko","@capitalist6733","https://pbs.twimg.com/profile_images/1892584413831041024/GePFe6XJ_normal.jpg"
"F$&_m90","@Fm90722718","https://abs.twimg.com/sticky/default_profile_images/default_profile_normal.png"
"UIOS","@TYH85022352","https://pbs.twimg.com/profile_images/1987139821958291456/xBcLc9ik_normal.jpg"
"A3i","@buiibolo","https://pbs.twimg.com/profile_images/1790735844275634176/7ny6EqmZ_normal.jpg"
"朱春林","@deepOceanedd","https://abs.twimg.com/sticky/default_profile_images/default_profile_normal.png"
"O c chi","@Occhi1840682","https://pbs.twimg.com/profile_images/1911941401283022848/IDO_WVKc_normal.jpg"
"Jaffaco","@Jaffaco7","https://pbs.twimg.com/profile_images/1727228753439498240/sGzV7i53_normal.jpg"
"Oyiersan","@oyiersan","https://pbs.twimg.com/profile_images/979355778921283584/HODBLrz9_normal.jpg"
"k","@kydc668989","https://pbs.twimg.com/profile_images/2029518232458338304/WU72qY7F_normal.jpg"
"YH","@YH31377807","https://pbs.twimg.com/profile_images/1620007510643187712/1hfiK51m_normal.jpg"
"aaa.z","@ads25950","https://pbs.twimg.com/profile_images/1882633324675334144/YXeQK51h_normal.jpg"
"yu","@Toky1_1o","https://pbs.twimg.com/profile_images/1636776756203102208/384dTYlp_normal.jpg"
"li yi","@LiLiyi1416303","https://pbs.twimg.com/profile_images/1746772954586009600/-yPaT7v9_normal.png"
"不想起床","@qk72023","https://pbs.twimg.com/profile_images/1985381697257668608/XR6I4u6k_normal.jpg"
"Jason","@GongJason22627","https://pbs.twimg.com/profile_images/1893322438408314883/AOBRUNpM_normal.png"
"Experiment1","@Experiment40563","https://pbs.twimg.com/profile_images/1676373330683916289/FXml9QUA_normal.jpg"
"Anny","@Anny34585","https://pbs.twimg.com/profile_images/1625100636906995713/qK-Sluz0_normal.jpg"
"yuanlili","@koi89631572","https://pbs.twimg.com/profile_images/1479348854541930504/i2QTtRFa_normal.jpg"
"RebuildMan","@zhngyng329571","https://pbs.twimg.com/profile_images/2034853973526814720/Gahznene_normal.jpg"
"j oh n","@john02163761004","https://abs.twimg.com/sticky/default_profile_images/default_profile_normal.png"
"找蚁人的蚂蚁","@RLj5VQKUsWcs3Bw","https://abs.twimg.com/sticky/default_profile_images/default_profile_normal.png"
"Brucelee","@Brucelee0629","https://pbs.twimg.com/profile_images/2016787120934047747/nnnDmQta_normal.jpg"
"XX X","@XXX1126384","https://pbs.twimg.com/profile_images/1799251735535579136/oKRP571U_normal.png"
"Zhang Tina","@Tina55511Z","https://pbs.twimg.com/profile_images/1949381350123077632/BimdBjcS_normal.jpg"
"Darain","@Darain_q","https://abs.twimg.com/sticky/default_profile_images/default_profile_normal.png"
"Kernel","@catchen746413","https://pbs.twimg.com/profile_images/2031571803299262467/VEoajjro_normal.jpg"
"Ashley","@cortisol0818","https://pbs.twimg.com/profile_images/2043960676927057920/9m9Zh2Sm_normal.jpg"
"E Zz","@EZz17877131","https://pbs.twimg.com/profile_images/1523202827580960769/QD80IoVi_normal.png"
"shit wang","@sht175553","https://pbs.twimg.com/profile_images/1987320330160119808/mySylLBu_normal.png"
"Камилла","@lygchclwqx","https://pbs.twimg.com/profile_images/1898158977675915264/6oEsgTl1_normal.jpg"
"Ruirui","@Ruirui197444","https://abs.twimg.com/sticky/default_profile_images/default_profile_normal.png"
"蜡笔大新","@ssy_lee33755","https://pbs.twimg.com/profile_images/2038071451530760192/TJQ1J7WS_normal.jpg"
"Karen yu🇨🇳","@Karen_yu000","https://pbs.twimg.com/profile_images/1514136160133550085/YmIiUr28_normal.jpg"
"DIFM","@DIFM170472","https://pbs.twimg.com/profile_images/2038849715136245760/aiW9ti89_normal.jpg"
"IceDew","@ratinanaree","https://pbs.twimg.com/profile_images/2004821288645525504/EqwLZrNy_normal.jpg"
"Cai Chase","@Chase_yunsi","https://pbs.twimg.com/profile_images/1924501750309851137/-kmTshaB_normal.jpg"
"紫升","@zisheng_ai","https://pbs.twimg.com/profile_images/2033520311392669696/6cvz0kKg_normal.jpg"
"SteveZ","@SteveAXC","https://abs.twimg.com/sticky/default_profile_images/default_profile_normal.png"
"yangning liu","@LiuYangning","https://pbs.twimg.com/profile_images/1384681376746663940/Cj7g6EP-_normal.jpg"
"Phoebee","@Phoebee_AI","https://pbs.twimg.com/profile_images/1900232610506522624/7m1OowN0_normal.jpg"
"Bing","@bing_928","https://pbs.twimg.com/profile_images/1939675408267702272/LVmP8x3c_normal.jpg"
"Shiyi He","@hsssssuy","https://pbs.twimg.com/profile_images/1593129916975173632/iN1XKoSS_normal.png"
"Beckett的笔记本","@Beckett1139905","https://pbs.twimg.com/profile_images/2036425298733146112/vreTAuIm_normal.jpg"
"Dison","@Disonbb","https://pbs.twimg.com/profile_images/2030460515533950976/vBMYLVLO_normal.jpg"
"Pg Alex","@alexpg3569","https://pbs.twimg.com/profile_images/1821824198622486528/ifYxzp4U_normal.jpg"
"Berni Caplan","@BerniCaplan","https://pbs.twimg.com/profile_images/1670036892124073996/Y0gcIYhR_normal.jpg"
"Marcus","@Marcus261800","https://pbs.twimg.com/profile_images/2012532421527293952/KBpHZtoq_normal.png"
"1132996","@qinnuanhaj","https://pbs.twimg.com/profile_images/2026964918172266496/BgR-4hco_normal.jpg"
"Leo.M","@LeoM76599600","https://pbs.twimg.com/profile_images/1080319664251518976/0ead0P4Y_normal.jpg"
"李城舟","@LZhou22639","https://pbs.twimg.com/profile_images/1903793776705048576/zocgQUdk_normal.jpg"
"Eva.35","@Eva010608","https://pbs.twimg.com/profile_images/1737196599246278656/52Ev5BVo_normal.jpg"
"开个玩笑","@sageoncw","https://pbs.twimg.com/profile_images/2044047989363367936/cuid8tO9_normal.jpg"
"系晚","@xxxxlcho","https://pbs.twimg.com/profile_images/1607334941167345666/qE9LtYE4_normal.jpg"
"xin tian","@tianxin941212","https://pbs.twimg.com/profile_images/2041688728213540864/leiSX0Cl_normal.png"
"milo bigcraven","@MrBigcraven","https://pbs.twimg.com/profile_images/2011107710473998336/k-ZAxKhk_normal.png"
"Rock","@lucasAres88","https://abs.twimg.com/sticky/default_profile_images/default_profile_normal.png"
"Jobs思考日记","@Jobs1768898","https://pbs.twimg.com/profile_images/2015431395997257728/jg2c7Rui_normal.png"
"Allen Z","@allen_zz0","https://pbs.twimg.com/profile_images/1776261516284526592/81Z8-Nkh_normal.jpg"
"lianboi tungnung","@LianboiT","https://pbs.twimg.com/profile_images/2007707181869883392/o9rf5wAA_normal.jpg"
"TD","@TDweibo","https://pbs.twimg.com/profile_images/1996960246380814336/ig5zMzqq_normal.jpg"
"Zhiqin Zhang","@ECworkerzeno","https://pbs.twimg.com/profile_images/1984306069355839491/uEfeGv4a_normal.png"
"Denwee","@denwee99","https://pbs.twimg.com/profile_images/1978384979399942144/3FrzPhov_normal.jpg"
"Komimizuk","@Komimizukimi","https://pbs.twimg.com/profile_images/2044235311287545856/UoZjkuS0_normal.jpg"
"ABM","@ABMjian","https://pbs.twimg.com/profile_images/2035603399811760128/i91K76dl_normal.jpg"
"Thinkhigh","@Thinkhigh818867","https://abs.twimg.com/sticky/default_profile_images/default_profile_normal.png"
"Lily999","@jiu_128","https://pbs.twimg.com/profile_images/1783557567932739584/74Rbx37m_normal.jpg"
"ovo","@huang79064","https://pbs.twimg.com/profile_images/1846171167675334656/RgIRSnxU_normal.jpg"
"Chen","@biscuitplssss","https://pbs.twimg.com/profile_images/2016169859533479936/wKi2Lwba_normal.jpg"
"Lila Liu","@YananLiu343007","https://pbs.twimg.com/profile_images/2005855870828306432/pwoTlHDb_normal.jpg"
"cyz","@cyz7777777cyz","https://pbs.twimg.com/profile_images/1800239911544692736/u4R53KB6_normal.jpg"
"Luna One","@OneLuna70381","https://pbs.twimg.com/profile_images/2035718866635284480/XB7Oi5lV_normal.png"
"hai ti an","@haitian2983218","https://pbs.twimg.com/profile_images/1735988431740694528/vZ0SFaga_normal.jpg"
"蝉翼","@snowsonwswon","https://pbs.twimg.com/profile_images/2043336516718706689/hKlbVk5-_normal.jpg"
"BellaGillian8","@BellaGillian8","https://pbs.twimg.com/profile_images/1979937297878364160/_lFXjWsF_normal.jpg"
"Leonis","@Jerry_claw","https://pbs.twimg.com/profile_images/2021471158022045697/Eh8x7OYV_normal.png"
"刘","@howardmax321","https://pbs.twimg.com/profile_images/1724816669158289408/G_ImvsVa_normal.jpg"
"Fredjiang","@Fredjiang2030","https://pbs.twimg.com/profile_images/2030421726753173504/7n66QKTY_normal.jpg"
"Ringing","@RitaR1037412","https://pbs.twimg.com/profile_images/1990293442489171968/pYpLvOMN_normal.jpg"
"Felix Chiu","@zilanxing0668","https://pbs.twimg.com/profile_images/1723012868101246976/eXCeujyy_normal.jpg"
"Hans Chen","@hsanochi89","https://pbs.twimg.com/profile_images/1953105055286214659/a45BE1k0_normal.png"
"kong tai","@kongtaiw","https://pbs.twimg.com/profile_images/1628386451447775232/8TbZMW1l_normal.png"
"Mary","@Mary64847060382","https://pbs.twimg.com/profile_images/1806820093688528896/c5Q0AEFi_normal.jpg"
"十月之望","@SimonWang985","https://abs.twimg.com/sticky/default_profile_images/default_profile_normal.png"
"y!zhao","@yizhao00","https://pbs.twimg.com/profile_images/1945130299051888640/63NpCmH9_normal.jpg"
"yuanyuany","@yuanyuany5","https://pbs.twimg.com/profile_images/1515863126016626689/veCVL0aI_normal.jpg"
"DxElina","@DanZheng74968","https://pbs.twimg.com/profile_images/1984143862684905474/swFjdxvv_normal.jpg"
"akka","@lnrn17940","https://pbs.twimg.com/profile_images/1868859866481295360/JDmyVucS_normal.jpg"
"Jinx","@Jinx62400914052","https://pbs.twimg.com/profile_images/1729132787385659392/oZjRgB7L_normal.jpg"